Symbol,pvalue,log2baseMean,log2FoldChange,pvalue stMg over striatum unbound,log2FoldChange stMg over striatum unbound,gene id,Location,Type(s)
3110035E14Rik,0,10.96,5.04,0.0003,1.19,ENSMUSG00000067879,Other,other
Mn1,0,13.3,4.48,0,2.76,ENSMUSG00000070576,Nucleus,other
Kalrn,0,16.09,3.82,0,3.29,ENSMUSG00000061751,Cytoplasm,kinase
Fscn1,0,13.82,2.42,0,2.23,ENSMUSG00000029581,Cytoplasm,other
Mef2c,0,14.98,2,0,1.59,ENSMUSG00000005583,Nucleus,transcription regulator
Epb4.1l2,0,15.53,2.21,0,3.81,ENSMUSG00000019978,Other,other
Parvg,0,13.41,2.24,0,6.35,ENSMUSG00000022439,Cytoplasm,other
Nckap1l,0,14.64,1.99,0,6.27,ENSMUSG00000022488,Plasma Membrane,other
Hpgds,0,14.27,2.06,0,6.53,ENSMUSG00000029919,Cytoplasm,enzyme
Cap1,0,14.27,1.9,0,1.28,ENSMUSG00000028656,Plasma Membrane,other
Trim71,0,8.01,6.28,0,2.57,ENSMUSG00000079259,Cytoplasm,enzyme
Numb,0,12.91,2.02,0,2.5,ENSMUSG00000021224,Plasma Membrane,other
Mylip,0,13.15,2.23,0,4.88,ENSMUSG00000038175,Cytoplasm,enzyme
Picalm,0,15.61,1.7,0,2.59,ENSMUSG00000039361,Cytoplasm,other
Lcp2,0,14.35,1.7,0,6.73,ENSMUSG00000002699,Cytoplasm,other
Bank1,0,11.39,2.79,0,4.31,ENSMUSG00000037922,Extracellular Space,other
Satb2,0,10.25,3.96,0.0001,2.42,ENSMUSG00000038331,Nucleus,transcription regulator
Pik3cg,0,14.18,1.7,0,6.37,ENSMUSG00000020573,Cytoplasm,kinase
Gimap5,0,8.29,5.74,0.002,3.53,ENSMUSG00000043505,Cytoplasm,other
Marcks,0,16.02,1.55,0,3.98,ENSMUSG00000069662,Plasma Membrane,other
P2ry12,0,16.18,1.96,0,6.64,ENSMUSG00000036353,Plasma Membrane,G-protein coupled receptor
Ccnd1,0,13.02,1.85,0,3.59,ENSMUSG00000070348,Nucleus,transcription regulator
Smap2,0,14.97,1.57,0,2.23,ENSMUSG00000032870,Cytoplasm,other
Plek,0,15.46,1.93,0,5.1,ENSMUSG00000020120,Cytoplasm,other
Basp1,0,14.81,1.57,0,2.89,ENSMUSG00000045763,Nucleus,transcription regulator
Ncf1,0,14.23,1.76,0,6.81,ENSMUSG00000015950,Cytoplasm,enzyme
Anxa4,0,10.95,2.2,0,3.71,ENSMUSG00000029994,Plasma Membrane,other
Frmd4b,0,13.41,1.88,0,2.97,ENSMUSG00000030064,Cytoplasm,other
Tjp1,0,14.39,2.11,0,2.2,ENSMUSG00000030516,Plasma Membrane,other
Cyth4,0,13.49,1.78,0,6.05,ENSMUSG00000018008,Cytoplasm,other
Sall1,0,15.05,1.69,0,5.35,ENSMUSG00000031665,Nucleus,transcription regulator
Qprt,0,8.08,4.94,0,4.03,ENSMUSG00000030674,Cytoplasm,enzyme
Pacsin2,0,13.98,1.58,0,2.35,ENSMUSG00000016664,Cytoplasm,transporter
Crybb1,0,12.58,1.97,0,6.98,ENSMUSG00000029343,Other,other
P2ry13,0,15.06,1.64,0,6.65,ENSMUSG00000036362,Plasma Membrane,G-protein coupled receptor
Actb,0,17.81,1.43,0,2.4,ENSMUSG00000029580,Cytoplasm,other
Lap3,0,12.16,1.77,0,1.52,ENSMUSG00000039682,Cytoplasm,peptidase
Rasal3,0,11.68,2.07,0,6.16,ENSMUSG00000052142,Cytoplasm,other
Cttnbp2nl,0,15.54,1.54,0,4.49,ENSMUSG00000062127,Cytoplasm,other
Ptgs1,0,13.61,1.49,0,4.9,ENSMUSG00000047250,Cytoplasm,enzyme
Usp8,0,14.14,1.55,0,2.03,ENSMUSG00000027363,Cytoplasm,peptidase
Abi3,0,11.96,1.86,0,7.16,ENSMUSG00000018381,Plasma Membrane,other
Arap3,0,11.57,2.18,0,5.54,ENSMUSG00000024451,Cytoplasm,other
Fcrls,0,13.17,1.91,0,5.75,ENSMUSG00000015852,Plasma Membrane,other
Rest,0,11.89,1.74,0,3.24,ENSMUSG00000029249,Nucleus,transcription regulator
BC013712,0,12.76,1.6,0,7.16,ENSMUSG00000037731,Other,other
Hsd17b4,0,12.67,1.76,0,2.56,ENSMUSG00000024507,Cytoplasm,enzyme
Slc2a5,0,10.8,2.48,0,5.05,ENSMUSG00000028976,Plasma Membrane,transporter
Zc3hav1,0,12.6,1.92,0,4.68,ENSMUSG00000029826,Plasma Membrane,other
Prps2,0,12.14,1.69,0,1.75,ENSMUSG00000025742,Cytoplasm,kinase
Gabpa,0,12.9,1.58,0,1.56,ENSMUSG00000008976,Nucleus,transcription regulator
Lgals9,0,13.76,1.83,0,7.43,ENSMUSG00000001123,Cytoplasm,other
Fblim1,0,12.33,1.99,0,4.72,ENSMUSG00000006219,Plasma Membrane,other
Fermt3,0,11.97,2.3,0,6.48,ENSMUSG00000024965,Cytoplasm,enzyme
Xylb,0,10.18,2.4,0,2.47,ENSMUSG00000035769,Cytoplasm,kinase
Qk,0,16.45,1.35,0,1.45,ENSMUSG00000062078,Nucleus,other
Tubb5,0,14.05,1.6,0,1.18,ENSMUSG00000001525,Cytoplasm,other
Bin2,0,14.49,1.79,0,7.58,ENSMUSG00000075411,Plasma Membrane,other
Psme1,0,13.39,1.45,0,3.29,ENSMUSG00000022216,Cytoplasm,other
Ubr3,0,16.25,2.54,0,3.21,ENSMUSG00000044308,Other,enzyme
Dnm2,0,12.96,1.54,0,2.49,ENSMUSG00000033335,Plasma Membrane,enzyme
Dapp1,0,13.54,1.7,0,4.85,ENSMUSG00000028159,Cytoplasm,other
Sfpi1,0,13.15,1.58,0,6.08,ENSMUSG00000002111,Nucleus,transcription regulator
Tln1,0,13.28,1.59,0,3.81,ENSMUSG00000028465,Plasma Membrane,other
Mlxipl,0,12.17,1.76,0,6.25,ENSMUSG00000005373,Nucleus,transcription regulator
Ik,0,13.91,1.71,0.0015,1.15,ENSMUSG00000024474,Extracellular Space,cytokine
Plcb2,0,11.53,1.83,0,4.25,ENSMUSG00000040061,Cytoplasm,enzyme
Syk,0,11.99,2.02,0,5.45,ENSMUSG00000021457,Cytoplasm,kinase
Gbp7,0,11.88,1.98,0,4.29,ENSMUSG00000040253,Cytoplasm,enzyme
Tgm2,0,11.3,1.93,0,5.46,ENSMUSG00000037820,Cytoplasm,enzyme
4632428N05Rik,0,13.63,1.41,0,5.9,ENSMUSG00000020101,Other,other
Nek6,0,12.84,1.64,0,2.89,ENSMUSG00000026749,Nucleus,kinase
Acap2,0,13.27,1.46,0,1.17,ENSMUSG00000049076,Nucleus,other
Upk1b,0,10,2.59,0,5.47,ENSMUSG00000049436,Plasma Membrane,other
Fmnl3,0,13.95,1.34,0,6.89,ENSMUSG00000023008,Cytoplasm,other
Runx1,0,13.87,1.41,0,6.58,ENSMUSG00000022952,Nucleus,transcription regulator
Plxdc2,0,13.91,1.67,0,2.73,ENSMUSG00000026748,Extracellular Space,other
Capn3,0,12.66,1.72,0,5.99,ENSMUSG00000079110,Cytoplasm,peptidase
Rod1,0,14.7,1.29,0,3.02,ENSMUSG00000028382,Other,other
Rin2,0,14.64,1.44,0,4.8,ENSMUSG00000001768,Cytoplasm,other
Olfml3,0,13.99,1.32,0,6.33,ENSMUSG00000027848,Extracellular Space,other
Ddx21,0,11.23,2.11,0,2.28,ENSMUSG00000020075,Nucleus,enzyme
Csnk1e,0,13.58,1.45,0,2.52,ENSMUSG00000022433,Cytoplasm,kinase
Ikzf1,0,15.2,1.4,0,5.87,ENSMUSG00000018654,Nucleus,transcription regulator
Sparc,0,16.33,1.69,0,3.56,ENSMUSG00000018593,Extracellular Space,other
Tbr1,0,9.33,4.55,0,1.6,ENSMUSG00000035033,Nucleus,transcription regulator
Ankrd44,0,13.77,1.4,0,4.95,ENSMUSG00000052331,Other,other
Fli1,0,13.5,1.53,0,6.33,ENSMUSG00000016087,Nucleus,transcription regulator
Siglech,0,14.56,1.45,0,6.16,ENSMUSG00000051504,Plasma Membrane,other
Gm10384,0,7.9,4.21,0,4.78,ENSMUSG00000072618,Other,other
Laptm5,0,16.04,1.31,0,6.34,ENSMUSG00000028581,Plasma Membrane,other
Rgs2,0,15.51,1.43,0,2.34,ENSMUSG00000026360,Nucleus,other
Irf8,0,13.54,1.31,0,5.92,ENSMUSG00000041515,Nucleus,transcription regulator
Tnfrsf1b,0,11.36,1.79,0,5.69,ENSMUSG00000028599,Plasma Membrane,transmembrane receptor
Traf3ip3,0,10.01,2.26,0,5.59,ENSMUSG00000037318,Other,other
Tpm3,0,14.34,1.31,0,2.67,ENSMUSG00000027940,Cytoplasm,other
Epha2,0,8.17,4.23,0,6.15,ENSMUSG00000006445,Plasma Membrane,kinase
Arhgap18,0,10.64,2.05,0,1.75,ENSMUSG00000039031,Cytoplasm,other
Snx18,0,14.23,1.45,0,4.28,ENSMUSG00000042364,Cytoplasm,transporter
Npl,0,11.34,2.17,0,3.41,ENSMUSG00000042684,Cytoplasm,enzyme
Asap1,0,13.5,1.27,0,1.28,ENSMUSG00000022377,Plasma Membrane,other
Rsu1,0,12.82,1.42,0,2.83,ENSMUSG00000026727,Cytoplasm,other
Pip4k2a,0,16.06,1.2,0,2.55,ENSMUSG00000026737,Cytoplasm,kinase
Prkab1,0,11.87,1.66,0,3.51,ENSMUSG00000029513,Nucleus,kinase
Tgfbr1,0,15.06,1.25,0,4.97,ENSMUSG00000007613,Plasma Membrane,kinase
Inpp4b,0,12.64,1.42,0,3.76,ENSMUSG00000037940,Cytoplasm,phosphatase
Itgam,0,14.82,1.79,0,6.33,ENSMUSG00000030786,Plasma Membrane,transmembrane receptor
Spata13,0,13.96,1.51,0,2.49,ENSMUSG00000021990,Plasma Membrane,other
Nono,0,13.31,1.33,0,1.17,ENSMUSG00000031311,Nucleus,other
Sh3bp1,0,11.66,1.96,0,3.99,ENSMUSG00000022436,Other,other
Arhgap27,0,11.92,1.67,0,2.65,ENSMUSG00000034255,Cytoplasm,other
Pnp,0,13.66,1.4,0,4.83,ENSMUSG00000021871,Nucleus,enzyme
Kctd11,0,10.55,2,0,4.03,ENSMUSG00000046731,Cytoplasm,other
Vwa5a,0,12.32,1.62,0,4.13,ENSMUSG00000023186,Nucleus,other
Arhgdia,0,15.77,1.24,0,2.13,ENSMUSG00000025132,Cytoplasm,other
Nav3,0,13.32,1.5,0,2.28,ENSMUSG00000020181,Nucleus,other
Stx7,0,14.07,1.38,0,1.96,ENSMUSG00000019998,Plasma Membrane,transporter
Dusp6,0,13.08,1.66,0,3.95,ENSMUSG00000019960,Cytoplasm,phosphatase
I830077J02Rik,0,12.64,1.63,0,6.89,ENSMUSG00000074342,Other,transporter
Lcp1,0,14.93,1.21,0,6.2,ENSMUSG00000021998,Cytoplasm,other
Gpr34,0,14.57,1.57,0,6.99,ENSMUSG00000040229,Plasma Membrane,G-protein coupled receptor
Lag3,0,9.97,2.55,0,4.84,ENSMUSG00000030124,Plasma Membrane,transmembrane receptor
Hexb,0,14.65,1.67,0,5.37,ENSMUSG00000021665,Cytoplasm,enzyme
Commd8,0,13.87,1.24,0,3,ENSMUSG00000029213,Other,other
Zfp69,0,9,2.83,0,5.48,ENSMUSG00000064141,Other,other
Rhob,0,14.9,1.16,0,2.11,ENSMUSG00000054364,Cytoplasm,enzyme
Coro1a,0,13.32,1.97,0,4.2,ENSMUSG00000030707,Cytoplasm,other
Tcf7l2,0,12,1.57,0,2.01,ENSMUSG00000024985,Nucleus,transcription regulator
Trim5,0,9.53,2.32,0,5.46,ENSMUSG00000060441,Cytoplasm,enzyme
Tmem119,0,14.64,1.63,0,6.49,ENSMUSG00000054675,Cytoplasm,other
Sash3,0,12.48,1.97,0,6.29,ENSMUSG00000031101,Cytoplasm,other
Bin1,0,13.61,1.34,0,2.09,ENSMUSG00000024381,Nucleus,other
Ccr5,0,12.92,1.8,0,5.5,ENSMUSG00000079227,Plasma Membrane,G-protein coupled receptor
Lrrc3,0,13.77,1.18,0,4.46,ENSMUSG00000051652,Other,other
Csf1r,0,15.57,1.34,0,5.85,ENSMUSG00000024621,Plasma Membrane,kinase
Cd33,0,14.71,1.4,0,6.73,ENSMUSG00000004609,Plasma Membrane,other
Rin3,0,12.21,1.75,0,6.39,ENSMUSG00000044456,Cytoplasm,other
Rogdi,0,12.47,1.35,0,1.15,ENSMUSG00000022540,Nucleus,other
Twf2,0,11.4,1.85,0,3.11,ENSMUSG00000023277,Cytoplasm,kinase
Fmo5,0,11.1,2.86,0,3.94,ENSMUSG00000028088,Cytoplasm,enzyme
Fkbp5,0,11.58,1.7,0.0004,1.42,ENSMUSG00000024222,Nucleus,enzyme
Mknk1,0,12.27,1.47,0,3.4,ENSMUSG00000028708,Cytoplasm,kinase
Arhgap30,0,12.4,1.46,0,6.47,ENSMUSG00000048865,Cytoplasm,other
Bmp2k,0,14.96,1.33,0,4.22,ENSMUSG00000034663,Nucleus,kinase
Ptpn6,0,11.14,1.97,0,5.42,ENSMUSG00000004266,Cytoplasm,phosphatase
9930111J21Rik2,0,13.07,1.51,0,5.91,ENSMUSG00000069892,Other,other
Gpr56,0,12.51,1.69,0,2.76,ENSMUSG00000031785,Plasma Membrane,G-protein coupled receptor
Nek7,0,13.99,1.17,0,3.09,ENSMUSG00000026393,Nucleus,kinase
D15Ertd621e,0,14.9,1.17,0,3.03,ENSMUSG00000037119,Other,other
Fam102b,0,15.8,1.11,0,2.27,ENSMUSG00000040339,Other,other
Maf,0,14.8,1.35,0,6.26,ENSMUSG00000055435,Nucleus,transcription regulator
Skil,0,14.54,1.11,0,1.2,ENSMUSG00000027660,Nucleus,transcription regulator
Tifab,0,12.97,1.25,0,6.23,ENSMUSG00000049625,Other,other
Elf4,0,12.84,1.71,0,5.83,ENSMUSG00000031103,Nucleus,transcription regulator
Arhgap11a,0,10.91,2.02,0,3.15,ENSMUSG00000041219,Cytoplasm,other
Midn,0,12.03,1.47,0,1.75,ENSMUSG00000035621,Nucleus,other
Rasl2-9-ps,0,7.45,4,0,4.48,ENSMUSG00000083649,Other,other
Cpne3,0,13.42,1.2,0,3.15,ENSMUSG00000028228,Cytoplasm,kinase
Jak1,0,14.01,1.13,0,1.45,ENSMUSG00000028530,Cytoplasm,kinase
Lims1,0,14.17,1.25,0,3.27,ENSMUSG00000019920,Plasma Membrane,other
Mertk,0,13.37,1.17,0,3.06,ENSMUSG00000014361,Plasma Membrane,kinase
Filip1l,0,12.3,1.46,0,4.82,ENSMUSG00000043336,Nucleus,other
Anxa3,0,13.33,1.34,0,5.59,ENSMUSG00000029484,Cytoplasm,enzyme
Serpinb9,0,10.59,1.78,0,3.81,ENSMUSG00000045827,Cytoplasm,other
Nckap5l,0,9.8,2.41,0,2.09,ENSMUSG00000023009,Cytoplasm,other
Dock10,0,13.49,1.18,0,1.36,ENSMUSG00000038608,Cytoplasm,other
Sncaip,0,10.55,1.79,0,1.97,ENSMUSG00000024534,Cytoplasm,transcription regulator
Cyfip1,0,14.38,1.24,0,3.67,ENSMUSG00000030447,Cytoplasm,other
Itga6,0,11.98,1.37,0,3.49,ENSMUSG00000027111,Plasma Membrane,transmembrane receptor
Btk,0,10.88,1.67,0,5.95,ENSMUSG00000031264,Cytoplasm,kinase
Tmem8c,0,9.47,2.53,0,5.06,ENSMUSG00000009214,Plasma Membrane,other
BC035044,0,11.97,1.54,0,7.23,ENSMUSG00000090164,Other,other
Adap2,0,14.41,1.51,0,6.58,ENSMUSG00000020709,Cytoplasm,other
Inpp5d,0,14.09,1.61,0,5.93,ENSMUSG00000026288,Cytoplasm,phosphatase
Arhgap39,0,11.99,1.46,0,1.51,ENSMUSG00000033697,Nucleus,other
Ticam1,0,11.59,1.65,0,3.28,ENSMUSG00000047123,Nucleus,other
Rasgrp3,0,15.64,1.16,0,4.85,ENSMUSG00000071042,Cytoplasm,other
Dtx4,0,13.93,1.38,0,5.01,ENSMUSG00000039982,Cytoplasm,enzyme
Atg7,0,12.85,2.03,0,3.85,ENSMUSG00000030314,Cytoplasm,enzyme
Samsn1,0,12.48,1.53,0,6.62,ENSMUSG00000022876,Nucleus,other
D930014E17Rik,0,9.19,2.32,0,3.08,ENSMUSG00000031023,Other,other
Myd88,0,10.45,1.99,0,4.91,ENSMUSG00000032508,Plasma Membrane,other
Lgmn,0,13.61,1.36,0,4.24,ENSMUSG00000021190,Cytoplasm,peptidase
Nlrp3,0,11.22,1.43,0,5.64,ENSMUSG00000032691,Cytoplasm,other
Stat3,0,12.37,1.31,0,1.75,ENSMUSG00000004040,Nucleus,transcription regulator
Zfp385a,0,13.03,1.36,0,2,ENSMUSG00000000552,Nucleus,other
Col15a1,0,10.24,1.84,0,4.98,ENSMUSG00000028339,Extracellular Space,other
Elmo1,0,14.78,1.18,0,1.12,ENSMUSG00000041112,Cytoplasm,other
Rapgef5,0,12.38,1.86,0,1.62,ENSMUSG00000041992,Nucleus,other
Blnk,0,12.91,1.41,0,5.79,ENSMUSG00000061132,Cytoplasm,other
Git2,0,14.02,1.15,0,3.55,ENSMUSG00000041890,Nucleus,other
Selplg,0,14.15,1.4,0,5.95,ENSMUSG00000048163,Plasma Membrane,other
Hk2,0,12.81,1.22,0,6.38,ENSMUSG00000000628,Cytoplasm,kinase
Ccdc162,0,9.12,3.66,0,4.7,ENSMUSG00000075225,Other,other
Rrbp1,0,13.01,1.26,0,3.16,ENSMUSG00000027422,Cytoplasm,transporter
Arrb2,0,13.52,1.21,0,4.86,ENSMUSG00000060216,Cytoplasm,other
Cep68,0,12.88,1.13,0,2.47,ENSMUSG00000044066,Cytoplasm,other
Padi2,0,12.4,1.59,0,2.77,ENSMUSG00000028927,Cytoplasm,enzyme
Mx2,0,6.83,3.93,0.0082,2.12,ENSMUSG00000023341,Nucleus,enzyme
Nfatc1,0,12.87,1.41,0,5.13,ENSMUSG00000033016,Nucleus,transcription regulator
Trim56,0,11.87,1.33,0,3.93,ENSMUSG00000043279,Cytoplasm,enzyme
Fndc3b,0,11.97,1.47,0,1.43,ENSMUSG00000039286,Cytoplasm,other
Ncaph,0,10.25,1.87,0,4.29,ENSMUSG00000034906,Nucleus,other
Lpcat2,0,13.66,1.1,0,5.93,ENSMUSG00000033192,Cytoplasm,enzyme
Arhgap25,0,12.58,1.22,0,5.42,ENSMUSG00000030047,Cytoplasm,other
Ncf2,0,12.48,1.82,0,6.15,ENSMUSG00000026480,Cytoplasm,enzyme
Psmb10,0,10.3,1.8,0,2.29,ENSMUSG00000031897,Cytoplasm,peptidase
Smc2,0,10.31,1.67,0,1.2,ENSMUSG00000028312,Nucleus,transporter
Itga9,0,11.18,1.81,0,1.41,ENSMUSG00000039115,Plasma Membrane,other
Ier5,0,13.24,1.5,0,2.67,ENSMUSG00000056708,Other,other
Syf2,0,12.01,1.35,0,1.62,ENSMUSG00000028821,Nucleus,other
Lyn,0,14.52,1.13,0,6.32,ENSMUSG00000042228,Cytoplasm,kinase
Adamts17,0,9.55,2.77,0,2.67,ENSMUSG00000058145,Extracellular Space,other
Arhgdib,0,14.86,1.09,0,3.97,ENSMUSG00000030220,Cytoplasm,enzyme
Gm10567,0,6.97,3.73,0,3.29,ENSMUSG00000073738,Other,other
Bach1,0,12.41,1.23,0,3.87,ENSMUSG00000025612,Nucleus,transcription regulator
1700017B05Rik,0,13.53,1.08,0,5.2,ENSMUSG00000032300,Cytoplasm,other
Etv5,0,13.72,1.21,0,2.09,ENSMUSG00000013089,Nucleus,transcription regulator
Pcbp1,0,12.1,1.21,0.0032,1.09,ENSMUSG00000051695,Nucleus,translation regulator
Tmem173,0,11.34,1.48,0,5.49,ENSMUSG00000024349,Cytoplasm,other
Was,0,11.42,1.52,0,6.29,ENSMUSG00000031165,Cytoplasm,other
Il1a,0,11.43,1.46,0,5.95,ENSMUSG00000027399,Extracellular Space,cytokine
Tcof1,0,10.74,1.91,0.0001,1.59,ENSMUSG00000024613,Nucleus,transporter
Slc7a8,0,13.29,1.17,0,2.47,ENSMUSG00000022180,Plasma Membrane,transporter
Mob1a,0,14.92,1.07,0,3.87,ENSMUSG00000043131,Plasma Membrane,other
Cpsf3,0,12.16,1.68,0,1.4,ENSMUSG00000054309,Nucleus,enzyme
Mapre1,0,14.08,1.06,0,1.76,ENSMUSG00000027479,Cytoplasm,other
Prkcd,0,12.58,1.31,0,3.07,ENSMUSG00000021948,Cytoplasm,kinase
Pik3r1,0,14.97,1.11,0,1.7,ENSMUSG00000041417,Cytoplasm,kinase
Zfp710,0,13.31,1.3,0,3.4,ENSMUSG00000048897,Nucleus,other
1-Mar,0,12.79,1.41,0,2.98,ENSMUSG00000036469,Cytoplasm,enzyme
Mafb,0,15.83,1.41,0,6.5,ENSMUSG00000074622,Nucleus,transcription regulator
St3gal6,0,12.92,1.1,0,4.81,ENSMUSG00000022747,Cytoplasm,enzyme
Cd101,0,9.23,2.56,0,5.85,ENSMUSG00000086564,Plasma Membrane,other
Agps,0,13.6,1.02,0,1.41,ENSMUSG00000042410,Cytoplasm,enzyme
Snx5,0,15.78,1.1,0,3.79,ENSMUSG00000027423,Cytoplasm,transporter
Rgs19,0,12.93,1.29,0,4.2,ENSMUSG00000002458,Cytoplasm,other
Arhgef6,0,13.54,1.38,0,3.88,ENSMUSG00000031133,Cytoplasm,other
Hnrnpul1,0,14.37,1.1,0,2.42,ENSMUSG00000040725,Nucleus,other
Arhgap24,0,9.24,2.31,0.0027,1.13,ENSMUSG00000057315,Cytoplasm,other
Rilpl1,0,11.67,1.47,0,1.68,ENSMUSG00000029392,Cytoplasm,other
Cat,0,13.73,1.21,0,2.79,ENSMUSG00000027187,Cytoplasm,enzyme
Mcl1,0,14.5,1.07,0,2.9,ENSMUSG00000038612,Cytoplasm,transporter
Tnfrsf13b,0,12.21,1.32,0,6.31,ENSMUSG00000010142,Plasma Membrane,transmembrane receptor
Slc7a7,0,10.83,1.44,0,4.95,ENSMUSG00000000958,Plasma Membrane,transporter
Apbb1ip,0,14.58,1.55,0,6,ENSMUSG00000026786,Cytoplasm,other
Brd4,0,14.29,1.11,0,1.18,ENSMUSG00000024002,Nucleus,other
Gcnt1,0,13.17,1.44,0,5.68,ENSMUSG00000038843,Cytoplasm,enzyme
Coro1b,0,12.42,1.24,0,2.32,ENSMUSG00000024835,Cytoplasm,other
Wipf1,0,13.3,1.22,0,3.85,ENSMUSG00000075284,Cytoplasm,other
Cx3cr1,0,14.44,1.6,0,5.25,ENSMUSG00000052336,Plasma Membrane,G-protein coupled receptor
Peli1,0,13.04,1.29,0,1.4,ENSMUSG00000020134,Cytoplasm,enzyme
F11r,0,13.04,1.07,0,5.85,ENSMUSG00000038235,Plasma Membrane,other
Irf1,0,9.73,1.91,0,4.4,ENSMUSG00000018899,Nucleus,transcription regulator
Mtap,0,11.28,1.37,0,2.43,ENSMUSG00000062937,Nucleus,enzyme
Frmd4a,0,14.22,1.11,0,3.55,ENSMUSG00000026657,Plasma Membrane,other
Tmem206,0,11.19,1.6,0,3.45,ENSMUSG00000026627,Plasma Membrane,other
F9,0,8.73,3.05,0,4.75,ENSMUSG00000031138,Extracellular Space,peptidase
Olfr1033,0,6.35,3.68,0.0007,3.74,ENSMUSG00000045392,Plasma Membrane,G-protein coupled receptor
Rnf219,0,10.99,1.56,0,1.65,ENSMUSG00000022120,Other,other
Prex1,0,13.55,1,0,2.14,ENSMUSG00000039621,Cytoplasm,other
Fam167b,0,10.32,2.14,0,6.85,ENSMUSG00000050493,Other,other
Rab3il1,0,12.85,1.39,0,5.58,ENSMUSG00000024663,Other,other
Casp8,0,14.09,1.53,0,6.97,ENSMUSG00000026029,Nucleus,peptidase
Col6a3,0,7.5,3.01,0.0001,2.35,ENSMUSG00000048126,Extracellular Space,other
Hhex,0,13.38,1.18,0,7.17,ENSMUSG00000024986,Nucleus,transcription regulator
2410001C21Rik,0,11.39,1.76,0,1.28,ENSMUSG00000027502,Other,other
Rps6ka1,0,13.19,1.01,0,5.3,ENSMUSG00000003644,Cytoplasm,kinase
Glul,0,16,1.1,0,1.63,ENSMUSG00000026473,Cytoplasm,enzyme
Daglb,0,11.33,1.3,0,3,ENSMUSG00000039206,Plasma Membrane,enzyme
4931406C07Rik,0,12.32,1.38,0,2.41,ENSMUSG00000031938,Nucleus,enzyme
Cd14,0,10.99,1.33,0,5.54,ENSMUSG00000051439,Plasma Membrane,transmembrane receptor
Zfp36l1,0,12.51,1.29,0,3.72,ENSMUSG00000021127,Nucleus,transcription regulator
Hnrnpf,0,12.58,1.42,0,2.5,ENSMUSG00000042079,Nucleus,other
Sult1a1,0,12.79,1.29,0,5.7,ENSMUSG00000030711,Cytoplasm,enzyme
Capzb,0,15.08,1.01,0,2.48,ENSMUSG00000028745,Cytoplasm,other
Pdlim4,0,9.89,1.69,0,2.97,ENSMUSG00000020388,Plasma Membrane,other
Gtf2h2,0,13.12,1.34,0,2.46,ENSMUSG00000021639,Nucleus,transcription regulator
Spsb1,0,11.32,1.42,0,2.63,ENSMUSG00000039911,Cytoplasm,enzyme
Hnmt,0,10.73,1.5,0.0036,1.31,ENSMUSG00000026986,Cytoplasm,enzyme
Arhgef1,0,11.39,1.26,0,3.21,ENSMUSG00000040940,Cytoplasm,other
Acss1,0,12.13,1.77,0,2.61,ENSMUSG00000027452,Cytoplasm,enzyme
Irgm2,0,12.39,1.81,0,5.13,ENSMUSG00000069874,Cytoplasm,enzyme
Lasp1,0,13.15,1.05,0,2.41,ENSMUSG00000038366,Cytoplasm,transporter
Rnf111,0,13.48,1.17,0,1.55,ENSMUSG00000032217,Nucleus,enzyme
Cd22,0,8.75,2.4,0,4.77,ENSMUSG00000030577,Plasma Membrane,transmembrane receptor
Ehd4,0,13.15,1.06,0,4.37,ENSMUSG00000027293,Plasma Membrane,enzyme
Ctso,0,10.94,1.33,0,1.2,ENSMUSG00000028015,Cytoplasm,peptidase
Stk10,0,13.63,1.1,0,5.43,ENSMUSG00000020272,Cytoplasm,kinase
Hps3,0,12,1.14,0,3.07,ENSMUSG00000027615,Cytoplasm,other
Irf2,0,11.95,1.27,0,2.97,ENSMUSG00000031627,Nucleus,transcription regulator
Myc,0,11.21,1.62,0,3.48,ENSMUSG00000022346,Nucleus,transcription regulator
P4ha1,0,10.93,2.09,0,1.11,ENSMUSG00000019916,Cytoplasm,enzyme
Rnf180,0,11.44,1.36,0,2.26,ENSMUSG00000021720,Cytoplasm,enzyme
Creb3l2,0,11.24,1.33,0.0003,1.6,ENSMUSG00000038648,Nucleus,transcription regulator
Pgm1,0,9.41,2,0,2.25,ENSMUSG00000029171,Cytoplasm,enzyme
Ctsl,0,13.11,1.19,0,2.66,ENSMUSG00000021477,Cytoplasm,peptidase
Prpsap2,0,11.28,1.72,0,1.36,ENSMUSG00000020528,Other,other
Leprel1,0,11.15,1.72,0,5.2,ENSMUSG00000038168,Other,other
Serinc3,0,16.71,1.02,0,3.85,ENSMUSG00000017707,Cytoplasm,transporter
Ostf1,0,13.34,1.02,0,5.21,ENSMUSG00000024725,Nucleus,transcription regulator
Sh3pxd2a,0,12.58,1.3,0,1.59,ENSMUSG00000053617,Cytoplasm,other
Morc3,0,11.64,1.31,0,2.06,ENSMUSG00000039456,Nucleus,other
Pros1,0,11.94,1.41,0,4.24,ENSMUSG00000022912,Extracellular Space,other
Klf3,0,14.07,1.17,0,3.33,ENSMUSG00000029178,Nucleus,transcription regulator
Trim25,0,12.28,1.07,0,4.01,ENSMUSG00000000275,Cytoplasm,transcription regulator
Tns1,0,13.33,1.22,0,2.29,ENSMUSG00000055322,Plasma Membrane,other
Ccdc88b,0,10.4,1.45,0,4.65,ENSMUSG00000047810,Nucleus,enzyme
Tmem135,0,12.74,1.02,0,1.99,ENSMUSG00000039428,Cytoplasm,other
Necap2,0,11.71,1.26,0,3.2,ENSMUSG00000028923,Cytoplasm,other
Arhgap17,0,12.62,1.35,0,3.92,ENSMUSG00000030766,Cytoplasm,other
Ino80c,0,11.72,1.16,0,1.48,ENSMUSG00000047989,Nucleus,other
Akna,0,12.78,1.24,0,5.54,ENSMUSG00000039158,Nucleus,transcription regulator
Sirpa,0,14.34,1.05,0,1.88,ENSMUSG00000037902,Plasma Membrane,phosphatase
Ctsa,0,13.2,1.17,0,2.61,ENSMUSG00000017760,Cytoplasm,peptidase
Entpd1,0,14.15,1.22,0,4.39,ENSMUSG00000048120,Plasma Membrane,enzyme
Adrb1,0,9.71,1.78,0,1.93,ENSMUSG00000035283,Plasma Membrane,G-protein coupled receptor
Ermap,0,10.7,1.57,0,4.7,ENSMUSG00000028644,Cytoplasm,other
Tmod3,0,12.8,1.23,0,2.7,ENSMUSG00000058587,Cytoplasm,other
Zfyve21,0,9.57,1.92,0.0001,1.59,ENSMUSG00000021286,Other,other
Sipa1,0,13.16,1.18,0,5.62,ENSMUSG00000056917,Cytoplasm,other
Myo1f,0,12.63,1.08,0,6.23,ENSMUSG00000024300,Cytoplasm,other
Fam26f,0,7.58,3.01,0,3.5,ENSMUSG00000046031,Other,other
3110062M04Rik,0,7.99,3,0.0005,2.64,ENSMUSG00000046806,Other,other
Cbl,0,13.74,1.18,0,1.69,ENSMUSG00000034342,Nucleus,transcription regulator
Neurl3,0,11.47,1.53,0,6.08,ENSMUSG00000047180,Other,enzyme
Dtx3l,0,12.05,1.25,0,4.4,ENSMUSG00000049502,Cytoplasm,enzyme
Sall3,0,12.73,1.12,0,5.01,ENSMUSG00000024565,Nucleus,transcription regulator
Parp4,0.0001,11.21,1.42,0,2.98,ENSMUSG00000054509,Cytoplasm,enzyme
Baz1a,0.0001,11.81,1.37,0,2.59,ENSMUSG00000035021,Nucleus,other
Bend5,0.0001,8.08,2.79,0.0228,1.22,ENSMUSG00000028545,Cytoplasm,other
Gpr77,0.0001,10.55,1.46,0,5.95,ENSMUSG00000074361,Plasma Membrane,G-protein coupled receptor
Ifih1,0.0001,10.95,1.47,0,3.96,ENSMUSG00000026896,Nucleus,enzyme
Plod1,0.0001,10.44,2.04,0.0002,2.1,ENSMUSG00000019055,Cytoplasm,enzyme
Psme2b-ps,0.0001,9.99,1.92,0,5.89,ENSMUSG00000078153,Other,other
Gpr84,0.0001,11.86,1.46,0,6.44,ENSMUSG00000063234,Plasma Membrane,G-protein coupled receptor
Casp4,0.0001,10.15,1.63,0,5.45,ENSMUSG00000033538,Cytoplasm,peptidase
Pmepa1,0.0001,14.5,1.03,0,2.26,ENSMUSG00000038400,Plasma Membrane,other
Slc29a3,0.0001,13.82,1.14,0,3.68,ENSMUSG00000020100,Plasma Membrane,transporter
Ptpn1,0.0001,12.98,1.01,0,3.08,ENSMUSG00000027540,Cytoplasm,phosphatase
Rac2,0.0001,12.67,1.29,0,5.89,ENSMUSG00000033220,Cytoplasm,enzyme
Fam111a,0.0001,12.65,1.11,0,5.79,ENSMUSG00000024691,Nucleus,other
X99384,0.0001,11.38,1.3,0,5,ENSMUSG00000020092,Other,other
Rnf2,0.0001,11.51,1.27,0,1.69,ENSMUSG00000026484,Nucleus,transcription regulator
Rhoh,0.0001,11.35,1.2,0,6.26,ENSMUSG00000029204,Plasma Membrane,enzyme
Pfkfb3,0.0001,12.5,1.12,0,1.83,ENSMUSG00000026773,Cytoplasm,kinase
Zfp184,0.0001,7.74,3.16,0.0148,1.56,ENSMUSG00000006720,Nucleus,other
Rnase4,0.0001,13.68,1.24,0,6.07,ENSMUSG00000021876,Extracellular Space,enzyme
Abl1,0.0001,12.56,1.06,0,1.84,ENSMUSG00000026842,Nucleus,kinase
Trim30c,0.0001,9.2,1.98,0,5.29,ENSMUSG00000078616,Other,other
Nfya,0.0001,13.32,1.26,0,3.3,ENSMUSG00000023994,Nucleus,transcription regulator
Ctss,0.0001,16.54,1.05,0,6.06,ENSMUSG00000038642,Cytoplasm,peptidase
Tifa,0.0001,12.5,1.04,0,4.55,ENSMUSG00000046688,Other,other
Gm6583,0.0001,6.43,3.25,0,3.94,ENSMUSG00000051503,Other,other
Angptl7,0.0001,7.15,2.99,0,5.44,ENSMUSG00000028989,Extracellular Space,other
Ccdc93,0.0001,12.19,1.09,0,2.53,ENSMUSG00000026339,Extracellular Space,other
Card9,0.0001,8.71,2.01,0,3.08,ENSMUSG00000026928,Cytoplasm,other
Ylpm1,0.0001,14.58,1.1,0.0003,1.11,ENSMUSG00000021244,Nucleus,transcription regulator
Osbpl11,0.0001,12.17,1.06,0,2.97,ENSMUSG00000022807,Cytoplasm,other
Txnip,0.0001,13.31,1.13,0,4.94,ENSMUSG00000038393,Cytoplasm,other
Diap2,0.0001,13.73,1.03,0,1.13,ENSMUSG00000034480,Other,other
Srgn,0.0001,11.76,1.15,0,6.5,ENSMUSG00000020077,Cytoplasm,other
Rab27a,0.0001,11.69,1.09,0,3.51,ENSMUSG00000032202,Cytoplasm,enzyme
Tnfrsf26,0.0001,6.36,3.21,0,3.64,ENSMUSG00000045362,Other,other
Unk,0.0001,10.87,1.33,0,1.9,ENSMUSG00000020770,Nucleus,transporter
Hpgd,0.0001,14.03,1.03,0,6.07,ENSMUSG00000031613,Cytoplasm,enzyme
Ddx19a,0.0001,10.88,1.46,0.0001,1.3,ENSMUSG00000015023,Nucleus,enzyme
Trim12c,0.0001,10.84,1.72,0,5.15,ENSMUSG00000057143,Cytoplasm,enzyme
Sec13,0.0001,11.37,1.24,0,1.63,ENSMUSG00000030298,Cytoplasm,transporter
Hnrnpa2b1,0.0001,14.96,1.15,0.0001,1.06,ENSMUSG00000004980,Nucleus,other
Sh2d3c,0.0001,11.93,1.23,0,3.91,ENSMUSG00000059013,Cytoplasm,other
E330016A19Rik,0.0001,10.2,1.51,0,4.65,ENSMUSG00000032344,Other,other
Pfn1,0.0001,15.06,1.03,0,3.15,ENSMUSG00000018293,Cytoplasm,other
Stat6,0.0001,12.25,1.46,0,4.16,ENSMUSG00000002147,Nucleus,transcription regulator
Zfp963,0.0001,7.56,2.56,0.0288,1.25,ENSMUSG00000092260,Other,other
Dock2,0.0001,12.69,1.04,0,5.89,ENSMUSG00000020143,Cytoplasm,other
Arhgef40,0.0001,10.07,1.57,0,2.74,ENSMUSG00000004562,Other,other
Abca9,0.0001,13.73,1.01,0,5.81,ENSMUSG00000041797,Cytoplasm,transporter
Ccdc86,0.0002,9.64,1.64,0,2.39,ENSMUSG00000024732,Nucleus,other
1810009A15Rik,0.0002,8.92,1.89,0,1.43,ENSMUSG00000071653,Other,other
Tmem86a,0.0002,11.78,1.28,0,3.86,ENSMUSG00000010307,Other,other
Fyb,0.0002,14.24,1.31,0,6.35,ENSMUSG00000022148,Nucleus,other
Psd4,0.0002,10.37,1.54,0,4.8,ENSMUSG00000026979,Cytoplasm,other
Cspg4,0.0002,9.11,2.67,0.0008,1.93,ENSMUSG00000032911,Plasma Membrane,other
Ceacam1,0.0002,9.61,1.57,0,4.42,ENSMUSG00000074272,Plasma Membrane,transporter
Smurf1,0.0002,11.95,1.29,0.0003,1.15,ENSMUSG00000038780,Cytoplasm,enzyme
Myo7a,0.0002,10.29,1.54,0,2.18,ENSMUSG00000030761,Cytoplasm,enzyme
Tlr9,0.0002,10.45,1.32,0,5.56,ENSMUSG00000045322,Plasma Membrane,transmembrane receptor
Parp12,0.0002,11.35,1.39,0,3.68,ENSMUSG00000038507,Nucleus,other
Ctsf,0.0002,9.76,1.56,0.0061,1.31,ENSMUSG00000083282,Cytoplasm,peptidase
Slc39a8,0.0002,9.29,1.68,0,3.86,ENSMUSG00000053897,Extracellular Space,transporter
Ets1,0.0002,11.49,1.2,0,4.44,ENSMUSG00000032035,Nucleus,transcription regulator
Uck1,0.0002,10.38,2.11,0.0017,1.84,ENSMUSG00000002550,Cytoplasm,kinase
Prr14,0.0002,11.4,1.06,0,1.58,ENSMUSG00000030822,Other,other
Smchd1,0.0002,11.91,1.03,0.0004,1.01,ENSMUSG00000024054,Nucleus,other
Naip6,0.0002,9.81,1.72,0,4.62,ENSMUSG00000078942,Cytoplasm,other
Acox3,0.0002,11.54,1.17,0,2.33,ENSMUSG00000029098,Cytoplasm,enzyme
Xlr,0.0002,10.01,1.56,0,5.82,ENSMUSG00000054626,Other,other
Wrn,0.0002,11.3,1.28,0.0082,1.21,ENSMUSG00000031583,Nucleus,enzyme
Sh3kbp1,0.0002,13.92,1.09,0,1.09,ENSMUSG00000040990,Cytoplasm,other
Akr1b10,0.0002,11.03,1.56,0,2.98,ENSMUSG00000061758,Cytoplasm,enzyme
Irf9,0.0003,11.37,1.16,0,3.54,ENSMUSG00000002325,Nucleus,transcription regulator
Casp3,0.0003,9.69,1.52,0,3.36,ENSMUSG00000031628,Cytoplasm,peptidase
Tagap,0.0003,10.49,1.41,0,5.59,ENSMUSG00000033450,Cytoplasm,other
Idh2,0.0003,10.74,1.31,0,2.04,ENSMUSG00000030541,Cytoplasm,enzyme
Fubp3,0.0003,12.18,1.66,0,1.71,ENSMUSG00000026843,Nucleus,transcription regulator
Hcls1,0.0003,11.91,1.24,0,6.41,ENSMUSG00000022831,Nucleus,other
Tfe3,0.0003,13.12,1.04,0,2.94,ENSMUSG00000000134,Nucleus,transcription regulator
Hsf1,0.0003,11.84,1.02,0,1.3,ENSMUSG00000022556,Nucleus,transcription regulator
Nupl2,0.0003,9.31,1.62,0.0057,1.27,ENSMUSG00000048439,Nucleus,transporter
Snx17,0.0003,11.63,1.45,0,1.82,ENSMUSG00000029146,Cytoplasm,transporter
Zfp143,0.0003,9.89,1.49,0,1.56,ENSMUSG00000061079,Nucleus,transcription regulator
Pon3,0.0003,10.54,1.57,0,5.5,ENSMUSG00000029759,Extracellular Space,enzyme
Fgd2,0.0003,11.67,1.64,0,5.5,ENSMUSG00000024013,Cytoplasm,other
2610029G23Rik,0.0003,10.2,1.33,0.0354,1.29,ENSMUSG00000031226,Other,other
Tyms,0.0003,8.76,1.89,0,2.23,ENSMUSG00000025747,Nucleus,enzyme
Invs,0.0003,10.45,1.48,0,1.58,ENSMUSG00000028344,Nucleus,transcription regulator
Plcg2,0.0003,11.74,1.04,0,5.44,ENSMUSG00000034330,Cytoplasm,enzyme
Emd,0.0004,11.59,1.05,0,1.69,ENSMUSG00000001964,Nucleus,other
Liph,0.0004,9.72,1.52,0,5.33,ENSMUSG00000044626,Extracellular Space,enzyme
Ano6,0.0004,11.01,1.09,0,1.6,ENSMUSG00000064210,Plasma Membrane,ion channel
Tec,0.0004,11.64,1.25,0,6.28,ENSMUSG00000029217,Cytoplasm,kinase
Nfam1,0.0004,12,1.22,0,5.1,ENSMUSG00000058099,Plasma Membrane,transmembrane receptor
Sgol1,0.0004,6.93,2.8,0.0008,2.76,ENSMUSG00000023940,Nucleus,other
Ak2,0.0004,11.59,1.17,0,1.73,ENSMUSG00000028792,Cytoplasm,kinase
Arsk,0.0004,9.96,1.56,0,1.98,ENSMUSG00000021592,Extracellular Space,enzyme
2810006K23Rik,0.0004,11.38,1.59,0,1.96,ENSMUSG00000047635,Other,other
Slco2b1,0.0004,13.48,1.24,0,5.39,ENSMUSG00000030737,Plasma Membrane,transporter
Hvcn1,0.0004,11.9,1.12,0,4.47,ENSMUSG00000064267,Plasma Membrane,ion channel
Lactb2,0.0004,11.4,1.14,0,2.01,ENSMUSG00000025937,Cytoplasm,enzyme
Lpxn,0.0005,10.45,1.53,0,5.3,ENSMUSG00000024696,Cytoplasm,transcription regulator
Trim28,0.0005,12.22,1.21,0.0002,1.16,ENSMUSG00000005566,Nucleus,transcription regulator
Arvcf,0.0005,10.79,1.11,0,1.96,ENSMUSG00000000325,Plasma Membrane,other
Gins1,0.0005,7.32,2.53,0.0025,1.99,ENSMUSG00000027454,Nucleus,other
Frrs1,0.0005,10.23,1.26,0,4.31,ENSMUSG00000033386,Plasma Membrane,transmembrane receptor
Fchsd2,0.0005,13.41,1.13,0,1.72,ENSMUSG00000030691,Other,other
Sphk2,0.0005,10.78,1.14,0,1.93,ENSMUSG00000057342,Cytoplasm,kinase
Klhdc8b,0.0005,9.1,1.77,0,1.68,ENSMUSG00000032609,Cytoplasm,other
Plekha2,0.0006,10.19,1.31,0.0021,1.37,ENSMUSG00000031557,Cytoplasm,other
Spaca1,0.0006,6.6,2.86,0.0007,3.66,ENSMUSG00000028264,Cytoplasm,other
Rbbp9,0.0006,11.98,1.29,0.0004,1.29,ENSMUSG00000027428,Nucleus,other
Tbxas1,0.0006,10.54,1.17,0,4.62,ENSMUSG00000029925,Plasma Membrane,enzyme
Dennd1c,0.0006,10.11,2,0,5.51,ENSMUSG00000002668,Other,other
Trim30d,0.0006,10.6,1.18,0,4.22,ENSMUSG00000057596,Cytoplasm,other
Card6,0.0006,12.09,1.18,0,5,ENSMUSG00000041849,Cytoplasm,other
Sh2b2,0.0006,10.09,1.83,0,4.6,ENSMUSG00000005057,Cytoplasm,other
Vav2,0.0006,11.75,1.35,0,4.24,ENSMUSG00000009621,Cytoplasm,transcription regulator
Erf,0.0006,11.41,1.25,0,1.25,ENSMUSG00000040857,Nucleus,transcription regulator
Rbm47,0.0007,12.22,1.02,0,6.22,ENSMUSG00000070780,Nucleus,other
Mcm3,0.0007,9.83,1.76,0,4.08,ENSMUSG00000041859,Nucleus,enzyme
Pdlim5,0.0007,11.44,1.09,0,1.45,ENSMUSG00000028273,Cytoplasm,other
Alg8,0.0007,10.23,1.61,0,1.49,ENSMUSG00000035704,Cytoplasm,enzyme
Rcsd1,0.0007,12.36,1.3,0,5.13,ENSMUSG00000040723,Other,other
Aim2,0.0007,12.22,1.22,0,4.11,ENSMUSG00000037860,Cytoplasm,other
Ppp1r3b,0.0007,11.34,1.19,0,6.21,ENSMUSG00000046794,Cytoplasm,other
Tle3,0.0007,12.15,1.03,0,3.15,ENSMUSG00000032280,Nucleus,other
Csk,0.0008,11.5,1.1,0,3.03,ENSMUSG00000032312,Cytoplasm,kinase
Cd84,0.0008,12.27,1.07,0,5.01,ENSMUSG00000038147,Plasma Membrane,other
Siglece,0.0008,11.42,1.06,0,7.13,ENSMUSG00000030474,Plasma Membrane,other
Snx9,0.0008,11.05,1.4,0,2.19,ENSMUSG00000002365,Cytoplasm,transporter
Hn1l,0.0008,11.38,1.31,0,3.27,ENSMUSG00000024165,Cytoplasm,other
Lrguk,0.0008,9.02,1.82,0,2.89,ENSMUSG00000056215,Cytoplasm,other
Ddx52,0.0008,11.08,1.19,0,1.12,ENSMUSG00000020677,Nucleus,enzyme
Atxn2l,0.0008,12.97,1.02,0.0054,1,ENSMUSG00000032637,Nucleus,other
Zc3h3,0.0009,8.83,1.91,0.0001,1.47,ENSMUSG00000075600,Nucleus,other
Ctgf,0.0009,7.42,2.32,0.0001,2.26,ENSMUSG00000019997,Extracellular Space,growth factor
Myo18b,0.0009,6.7,2.75,0,2.79,ENSMUSG00000072720,Cytoplasm,other
Dclre1a,0.0009,9.49,1.64,0,2,ENSMUSG00000025077,Nucleus,other
Cd300a,0.0009,10.97,1.08,0,5.61,ENSMUSG00000034652,Plasma Membrane,transmembrane receptor
Tes,0.0009,9.98,1.78,0,4.57,ENSMUSG00000029552,Plasma Membrane,other
Cd53,0.0009,14.41,1.14,0,6.28,ENSMUSG00000040747,Plasma Membrane,other
Il6ra,0.0009,12.61,1.01,0,5.98,ENSMUSG00000027947,Plasma Membrane,transmembrane receptor
Galnt3,0.001,8.05,2.04,0,4.52,ENSMUSG00000026994,Cytoplasm,enzyme
Csad,0.001,10.11,1.44,0,2.22,ENSMUSG00000023044,Cytoplasm,enzyme
Gm9873,0.001,5.91,2.75,0.0139,2.74,ENSMUSG00000052368,Other,other
Tbc1d5,0.001,13.1,1.15,0,1.77,ENSMUSG00000023923,Extracellular Space,other
Ccna2,0.001,8,2.29,0.0001,1.83,ENSMUSG00000027715,Nucleus,other
Med22,0.0011,10.96,1.27,0,2.29,ENSMUSG00000015776,Cytoplasm,other
Csf3r,0.0011,12.97,1.02,0,5.41,ENSMUSG00000028859,Plasma Membrane,transmembrane receptor
Lypla2,0.0011,9.75,1.76,0.0007,1.86,ENSMUSG00000028670,Cytoplasm,enzyme
Pion,0.0012,10.88,1,0,3.67,ENSMUSG00000039934,Other,other
Hck,0.0012,11.53,1.21,0,6.3,ENSMUSG00000003283,Cytoplasm,kinase
Ifngr1,0.0012,12.57,1.03,0,4.01,ENSMUSG00000020009,Plasma Membrane,transmembrane receptor
Irak2,0.0012,11.75,1.22,0,2.98,ENSMUSG00000060477,Plasma Membrane,kinase
Rbm22,0.0012,11.07,1.35,0,1.39,ENSMUSG00000024604,Nucleus,transporter
Lonrf3,0.0012,10.75,1.1,0,2.77,ENSMUSG00000016239,Other,other
Thumpd3,0.0012,10.54,1.37,0.0006,1.13,ENSMUSG00000030264,Other,other
Mki67,0.0012,10.05,1.33,0,2.05,ENSMUSG00000031004,Nucleus,other
Msrb2,0.0013,10.88,1.02,0,2.08,ENSMUSG00000023094,Nucleus,transcription regulator
Man2b2,0.0013,10.61,1.11,0,2.06,ENSMUSG00000029119,Cytoplasm,enzyme
Pdgfb,0.0013,10.65,1.19,0,3.89,ENSMUSG00000000489,Extracellular Space,growth factor
Cd37,0.0013,12.08,1.07,0,5.28,ENSMUSG00000030798,Plasma Membrane,other
Mmgt2,0.0013,9.04,1.76,0,1.74,ENSMUSG00000048497,Cytoplasm,transporter
Icosl,0.0014,10.26,1.21,0,3.8,ENSMUSG00000000732,Plasma Membrane,other
Dcxr,0.0014,9.52,1.74,0,3.24,ENSMUSG00000039450,Cytoplasm,enzyme
Gm11696,0.0014,7.99,2.13,0.0051,1.48,ENSMUSG00000056687,Other,other
Adh5,0.0015,11.95,1.03,0,1.35,ENSMUSG00000028138,Cytoplasm,enzyme
Amz1,0.0015,10.24,1.15,0,1.04,ENSMUSG00000050022,Other,peptidase
Trim36,0.0015,11.26,1.27,0,2.47,ENSMUSG00000033949,Cytoplasm,enzyme
Zfp703,0.0015,11.43,1.23,0,2.66,ENSMUSG00000085795,Nucleus,other
A830007P12Rik,0.0016,10.42,1.43,0,5.4,ENSMUSG00000059555,Other,other
Gp1ba,0.0016,6.67,2.46,0.0205,1.14,ENSMUSG00000050675,Plasma Membrane,transmembrane receptor
Evl,0.0016,11.02,1.35,0.0039,1.26,ENSMUSG00000021262,Plasma Membrane,other
Dmrtb1,0.0016,6.96,2.61,0,4.66,ENSMUSG00000028610,Nucleus,transcription regulator
Asl,0.0017,8.41,1.96,0.011,1.16,ENSMUSG00000025533,Cytoplasm,enzyme
Golm1,0.0017,13.01,1.01,0,4.73,ENSMUSG00000021556,Cytoplasm,other
Cndp2,0.0017,11.94,1.03,0,2.63,ENSMUSG00000024644,Cytoplasm,peptidase
Cdk6,0.0017,10.95,1.43,0,4.38,ENSMUSG00000040274,Nucleus,kinase
Asap3,0.0017,9.18,1.77,0,3.84,ENSMUSG00000036995,Plasma Membrane,other
Armc7,0.0017,9.28,1.66,0,1.57,ENSMUSG00000057219,Cytoplasm,other
Mpeg1,0.0017,14.34,1.05,0,5.16,ENSMUSG00000046805,Cytoplasm,other
Dnajc24,0.0018,9.86,1.27,0.0016,1.26,ENSMUSG00000027166,Other,other
Suclg2,0.0018,11.04,1.21,0,2.25,ENSMUSG00000061838,Cytoplasm,enzyme
Vsig10l,0.0019,8.89,1.62,0,2.59,ENSMUSG00000070604,Other,other
Vasp,0.0019,11.97,1.1,0,5.33,ENSMUSG00000030403,Plasma Membrane,other
Col4a2,0.0019,9.08,1.64,0.0244,1.51,ENSMUSG00000031503,Extracellular Space,other
Tlr3,0.0019,11.77,1.11,0,2.69,ENSMUSG00000031639,Plasma Membrane,transmembrane receptor
Galnt4,0.002,9.1,1.53,0.0007,2.02,ENSMUSG00000090035,Cytoplasm,enzyme
Eif2s1,0.0021,12.62,1.06,0,1.26,ENSMUSG00000021116,Cytoplasm,translation regulator
Epsti1,0.0021,9.89,1.31,0,5.85,ENSMUSG00000022014,Other,other
Ildr1,0.0021,6.02,2.57,0.0002,3.85,ENSMUSG00000022900,Plasma Membrane,transmembrane receptor
Slc25a45,0.0021,10.48,1.08,0,4,ENSMUSG00000024818,Cytoplasm,transporter
Prdm9,0.0022,8.48,2.26,0.0006,1.79,ENSMUSG00000051977,Nucleus,enzyme
Ctbs,0.0022,10.23,1.46,0.0001,1.29,ENSMUSG00000028189,Cytoplasm,enzyme
Rpl7l1,0.0023,10.89,1.14,0,2.08,ENSMUSG00000063888,Cytoplasm,transcription regulator
Gsdmd,0.0024,10.72,1.41,0,6.19,ENSMUSG00000022575,Extracellular Space,other
Myl12a,0.0024,11.89,1.02,0,2.66,ENSMUSG00000024048,Cytoplasm,other
Flot1,0.0024,10.75,1.07,0.0003,1.06,ENSMUSG00000059714,Plasma Membrane,other
Pbxip1,0.0024,10.51,1.07,0.0032,1.39,ENSMUSG00000042613,Nucleus,transcription regulator
Rnpep,0.0024,10.43,1.26,0,1.31,ENSMUSG00000041926,Cytoplasm,peptidase
Evi2a,0.0024,12.02,1.12,0,2.03,ENSMUSG00000078771,Plasma Membrane,transmembrane receptor
Cdca7,0.0025,8.3,2.02,0.0004,2.04,ENSMUSG00000055612,Nucleus,other
Eng,0.0025,9.75,1.56,0,4.12,ENSMUSG00000026814,Plasma Membrane,transmembrane receptor
Golph3l,0.0025,11.54,1.06,0.0003,1.09,ENSMUSG00000046519,Cytoplasm,other
Ckap2,0.0025,5.9,2.53,0.0413,1.3,ENSMUSG00000037725,Cytoplasm,other
Nucb1,0.0026,10.64,1.01,0.0001,1.26,ENSMUSG00000030824,Cytoplasm,other
Arhgap22,0.0027,8.68,1.68,0,4.86,ENSMUSG00000063506,Cytoplasm,other
Mafk,0.0028,9.04,1.76,0,2.18,ENSMUSG00000018143,Nucleus,transcription regulator
Pbk,0.0029,7.07,2.47,0.0108,2.02,ENSMUSG00000022033,Cytoplasm,kinase
Asb2,0.0029,9.04,1.64,0,3.83,ENSMUSG00000021200,Nucleus,transcription regulator
Tmem154,0.003,8.4,2.38,0,2.97,ENSMUSG00000056498,Other,other
Armc5,0.003,9.31,1.66,0,2.27,ENSMUSG00000042178,Cytoplasm,other
Tapbp,0.003,10.74,1.01,0,2.78,ENSMUSG00000024308,Cytoplasm,transporter
Lyl1,0.0031,11.32,1.1,0,6.53,ENSMUSG00000034041,Nucleus,transcription regulator
Hmha1,0.0031,12.36,1.16,0,6.24,ENSMUSG00000035697,Cytoplasm,transporter
Ccdc111,0.0032,9.3,1.52,0.0007,2.23,ENSMUSG00000038225,Other,other
Plod3,0.0032,10.18,1.09,0,2.38,ENSMUSG00000004846,Cytoplasm,enzyme
Calhm2,0.0033,9.81,1.19,0,3.52,ENSMUSG00000033033,Other,other
Myl2,0.0033,8.82,1.5,0,5.18,ENSMUSG00000013936,Cytoplasm,other
Fam46a,0.0033,12.51,1.02,0,4.36,ENSMUSG00000032265,Other,other
Gpr183,0.0034,11.19,1.02,0,5.99,ENSMUSG00000051212,Plasma Membrane,G-protein coupled receptor
Gm12185,0.0034,5.84,2.45,0.0032,3.21,ENSMUSG00000048852,Other,other
Tlr12,0.0035,6.83,2.38,0,3.53,ENSMUSG00000062545,Other,other
Cryl1,0.0035,10.89,1.13,0,2.65,ENSMUSG00000021947,Cytoplasm,enzyme
Nfatc2ip,0.0035,8.95,1.49,0,1.75,ENSMUSG00000030722,Nucleus,other
Batf,0.0035,9.51,1.39,0,6.35,ENSMUSG00000034266,Nucleus,transcription regulator
C130050O18Rik,0.0036,7.15,2.23,0,3.17,ENSMUSG00000044092,Other,other
Gm3604,0.0036,8.77,1.55,0.0002,1.98,ENSMUSG00000091183,Other,other
Pmf1,0.0036,8.14,1.89,0.0014,2.18,ENSMUSG00000028066,Nucleus,transcription regulator
Pes1,0.0037,11.01,1.21,0,1.85,ENSMUSG00000020430,Nucleus,other
Bid,0.0037,11.14,1.54,0,4.27,ENSMUSG00000004446,Cytoplasm,other
Fam113b,0.0038,9.07,1.42,0.0109,1.43,ENSMUSG00000044250,Other,other
Irf3,0.0038,9.61,1.33,0,1.93,ENSMUSG00000003184,Nucleus,transcription regulator
Hmgb2,0.0039,10.13,1.1,0,2.02,ENSMUSG00000054717,Nucleus,transcription regulator
Casp7,0.0039,9.61,1.4,0,3.75,ENSMUSG00000025076,Cytoplasm,peptidase
Dusp27,0.0039,6.56,2.38,0,3.64,ENSMUSG00000026564,Other,phosphatase
Gmip,0.0041,11.4,1.01,0,5.21,ENSMUSG00000036246,Cytoplasm,enzyme
Nop2,0.0041,9.96,1.45,0.0002,1.27,ENSMUSG00000038279,Nucleus,other
Haus7,0.0042,8.9,1.41,0.0397,1.32,ENSMUSG00000031371,Cytoplasm,other
Iqgap3,0.0044,9.46,1.57,0,4.19,ENSMUSG00000028068,Plasma Membrane,other
E430018J23Rik,0.0044,9.13,1.47,0.0004,1.51,ENSMUSG00000078580,Other,other
Exoc3l2,0.0044,6.33,2.38,0,4.99,ENSMUSG00000011263,Cytoplasm,other
Eno3,0.0045,8.85,1.4,0,2.85,ENSMUSG00000060600,Cytoplasm,enzyme
Nsmce1,0.0046,9.57,1.34,0.0159,1.02,ENSMUSG00000030750,Nucleus,transporter
Pik3cd,0.0047,11.26,1.16,0,3.53,ENSMUSG00000039936,Cytoplasm,kinase
Ripk1,0.0047,9.81,1.22,0,3.41,ENSMUSG00000021408,Plasma Membrane,kinase
Spns3,0.0048,6.27,2.36,0,3.94,ENSMUSG00000020798,Other,other
Acsf2,0.005,9.84,1.58,0.0194,1.29,ENSMUSG00000076435,Cytoplasm,enzyme
Ppcdc,0.0051,11.64,1.1,0,3.34,ENSMUSG00000063849,Cytoplasm,enzyme
Rbl1,0.0051,9.59,1.38,0,3.6,ENSMUSG00000027641,Nucleus,transcription regulator
Cyp4v3,0.0052,10.85,1.35,0,3.32,ENSMUSG00000079057,Cytoplasm,enzyme
Pla2g15,0.0052,10.47,1.15,0,2.58,ENSMUSG00000031903,Cytoplasm,enzyme
Zcwpw1,0.0052,8.44,1.55,0.009,1.51,ENSMUSG00000037108,Other,other
Rgs1,0.0053,9.86,1.17,0,6.36,ENSMUSG00000026358,Plasma Membrane,other
Mlph,0.0053,11.55,1.36,0,5.76,ENSMUSG00000026303,Cytoplasm,other
Nr4a2,0.0055,10.75,1.05,0.0009,1.88,ENSMUSG00000026826,Nucleus,ligand-dependent nuclear receptor
Aldh3b1,0.0056,7.21,1.96,0.0033,1.52,ENSMUSG00000024885,Cytoplasm,enzyme
Plscr3,0.0056,8.71,1.6,0,2.65,ENSMUSG00000019461,Plasma Membrane,enzyme
Tal1,0.0057,10.12,1.23,0,5.3,ENSMUSG00000028717,Nucleus,transcription regulator
Arhgap4,0.0057,9.96,1.48,0,4.73,ENSMUSG00000031389,Cytoplasm,other
Ggta1,0.0057,10.92,1.07,0,3.97,ENSMUSG00000035778,Cytoplasm,other
Tnfaip2,0.0058,8.81,1.92,0,2.89,ENSMUSG00000021281,Extracellular Space,other
Ccrl2,0.006,8.39,1.66,0,5.69,ENSMUSG00000043953,Plasma Membrane,G-protein coupled receptor
Ddx58,0.0061,10.86,1.19,0,3.67,ENSMUSG00000040296,Cytoplasm,enzyme
Ttc12,0.0061,8.32,1.65,0.0281,1.16,ENSMUSG00000040219,Cytoplasm,other
Tubb6,0.0063,9.86,1.36,0,3.15,ENSMUSG00000001473,Cytoplasm,other
Ddx39,0.0063,8.9,1.67,0.0263,1.01,ENSMUSG00000005481,Nucleus,enzyme
Mbd1,0.0064,9.77,1.16,0.019,1.03,ENSMUSG00000024561,Nucleus,other
Dbf4,0.0064,7.27,2.07,0.002,1.78,ENSMUSG00000002297,Nucleus,kinase
Uckl1,0.0065,9.87,1.07,0.0004,1.2,ENSMUSG00000089917,Cytoplasm,kinase
Fam78a,0.0068,9.66,1.15,0,2.01,ENSMUSG00000050592,Other,other
Il7r,0.0068,9.51,1.31,0,4.85,ENSMUSG00000003882,Plasma Membrane,transmembrane receptor
Nlrp1a,0.0068,9,1.98,0,5.3,ENSMUSG00000069830,Nucleus,other
Lrp5,0.0069,9.82,1.56,0,3.46,ENSMUSG00000024913,Plasma Membrane,transmembrane receptor
Sox15,0.007,6.53,2.25,0,4.64,ENSMUSG00000041287,Nucleus,transcription regulator
Cnn2,0.007,9.32,1.23,0,3.05,ENSMUSG00000004665,Cytoplasm,other
Cd151,0.007,10.08,1.06,0,1.99,ENSMUSG00000025510,Plasma Membrane,other
Klrd1,0.007,5.57,2.24,0.0003,3.79,ENSMUSG00000030165,Plasma Membrane,transmembrane receptor
Efha1,0.0073,11.72,1.11,0,1.74,ENSMUSG00000021973,Other,other
Nat2,0.0074,9.24,1.47,0,3.17,ENSMUSG00000051147,Cytoplasm,enzyme
Gm3248,0.0077,6.64,2.19,0.0033,2.52,ENSMUSG00000091275,Other,other
Wdr46,0.0078,11.02,1.32,0,2.85,ENSMUSG00000024312,Nucleus,enzyme
Alg5,0.0078,9.65,1.15,0.0012,1.11,ENSMUSG00000036632,Cytoplasm,enzyme
Cstf1,0.0081,10.09,1.25,0.002,1.09,ENSMUSG00000027498,Nucleus,other
Apobec3,0.0083,11.4,1.08,0,4.62,ENSMUSG00000009585,Cytoplasm,enzyme
Plekhg2,0.0083,9.26,1.32,0,2.78,ENSMUSG00000037552,Cytoplasm,other
Zfp825,0.0084,9.43,1.41,0.0018,1.65,ENSMUSG00000069208,Other,other
Card11,0.0087,6.55,2.1,0.0002,3.56,ENSMUSG00000036526,Cytoplasm,kinase
Tmc8,0.0087,7.21,2.04,0.0018,2.53,ENSMUSG00000050106,Cytoplasm,other
Itpripl2,0.0088,9.52,1.1,0,4.7,ENSMUSG00000073859,Other,other
Esr1,0.0088,8.82,1.53,0,2.85,ENSMUSG00000019768,Nucleus,ligand-dependent nuclear receptor
Nccrp1,0.009,6.71,2.05,0.0084,2.32,ENSMUSG00000047586,Cytoplasm,other
Tnfrsf23,0.0094,8.36,1.47,0,3.92,ENSMUSG00000037613,Plasma Membrane,transmembrane receptor
Fam110a,0.0094,10.9,1.26,0,3.9,ENSMUSG00000027459,Other,other
Smndc1,0.0096,11.46,1,0.0001,1.09,ENSMUSG00000025024,Nucleus,other
9530008L14Rik,0.0096,6.05,2.14,0.0001,4.23,ENSMUSG00000058022,Other,other
Rhobtb1,0.0099,10.88,1.02,0,5.2,ENSMUSG00000019944,Other,enzyme
Alox5,0.0101,10.32,1.06,0,6.06,ENSMUSG00000025701,Cytoplasm,enzyme
Nkap,0.0102,11.28,1.11,0.0001,1.12,ENSMUSG00000016409,Nucleus,transcription regulator
Uap1l1,0.0103,10.96,1.06,0,3.12,ENSMUSG00000026956,Other,other
Olr1,0.0103,9.02,1.38,0,4.47,ENSMUSG00000030162,Plasma Membrane,transmembrane receptor
Prim2,0.0103,9.78,1.1,0,1.79,ENSMUSG00000026134,Nucleus,enzyme
Sirt7,0.0105,10.49,1.02,0.0041,1.15,ENSMUSG00000025138,Nucleus,enzyme
Efnb1,0.0106,7.69,1.9,0.0043,1.83,ENSMUSG00000031217,Plasma Membrane,other
B430306N03Rik,0.0106,8.87,1.46,0,5.31,ENSMUSG00000043740,Other,other
Tbc1d8b,0.0107,10.14,1.02,0,1.76,ENSMUSG00000042473,Other,other
Traf5,0.0108,8.49,1.94,0,4.19,ENSMUSG00000026637,Cytoplasm,transporter
Igf2bp2,0.0109,9.85,1.51,0,3.73,ENSMUSG00000033581,Cytoplasm,translation regulator
Gbp5,0.0109,8.86,1.82,0,2.98,ENSMUSG00000040264,Plasma Membrane,enzyme
Adora3,0.0111,10.57,1.16,0,5.97,ENSMUSG00000000562,Plasma Membrane,G-protein coupled receptor
1110002E22Rik,0.0114,6.64,2.11,0.0023,2.41,ENSMUSG00000090066,Other,other
Tmem220,0.0117,7.44,2.04,0.0126,2.36,ENSMUSG00000050270,Other,other
Depdc1a,0.0118,5.69,2.08,0.0025,3.1,ENSMUSG00000028175,Nucleus,transcription regulator
Icam1,0.012,7.99,1.72,0,4.63,ENSMUSG00000037405,Plasma Membrane,transmembrane receptor
Snta1,0.0129,10.11,1.2,0,2.43,ENSMUSG00000027488,Plasma Membrane,other
Rab20,0.0129,8.69,1.9,0,5.53,ENSMUSG00000031504,Cytoplasm,enzyme
Ttf2,0.0131,8.73,1.74,0.0059,2.71,ENSMUSG00000033222,Cytoplasm,transcription regulator
Cdkn1c,0.0131,8.63,1.85,0.0001,3.03,ENSMUSG00000037664,Nucleus,other
Commd10,0.0132,10.61,1.26,0.0134,1.23,ENSMUSG00000042705,Other,other
Mgmt,0.0143,5.74,2.03,0.0159,2.09,ENSMUSG00000054612,Nucleus,enzyme
Npepl1,0.0157,10.45,1.04,0,3.15,ENSMUSG00000039263,Nucleus,peptidase
Polh,0.0169,8.87,1.24,0.0031,1.69,ENSMUSG00000023953,Nucleus,enzyme
Cryba4,0.0171,10.12,1.11,0,5.61,ENSMUSG00000066975,Other,other
Slc40a1,0.0171,10.26,1.05,0,3.33,ENSMUSG00000025993,Plasma Membrane,transporter
Stat5a,0.0172,8.82,1.2,0,3.61,ENSMUSG00000004043,Nucleus,transcription regulator
Zc3h12a,0.0177,7.77,1.67,0,3.83,ENSMUSG00000042677,Cytoplasm,enzyme
Bckdha,0.0181,8.8,1.49,0.0013,1.18,ENSMUSG00000060376,Cytoplasm,enzyme
Tmem132a,0.0181,9.27,1.27,0.0004,2.2,ENSMUSG00000024736,Cytoplasm,other
Ugt1a7c,0.0188,5.77,1.96,0.0014,3.06,ENSMUSG00000090124,Cytoplasm,enzyme
Slc10a3,0.0189,9.61,1.13,0,3.5,ENSMUSG00000032806,Plasma Membrane,transporter
9130023H24Rik,0.019,9.03,1.15,0.0044,1.81,ENSMUSG00000062944,Other,other
Sh3gl1,0.0192,9.83,1.14,0.007,1.03,ENSMUSG00000003200,Cytoplasm,other
Trpv2,0.0194,9.68,1.03,0,2.46,ENSMUSG00000018507,Plasma Membrane,ion channel
Nfkbie,0.0194,9.61,1.05,0,4.04,ENSMUSG00000023947,Nucleus,transcription regulator
Hlx,0.0201,9.44,1.27,0,5.79,ENSMUSG00000039377,Nucleus,transcription regulator
A630033H20Rik,0.0202,9.5,1.07,0,4.82,ENSMUSG00000054293,Plasma Membrane,G-protein coupled receptor
Nudt7,0.0203,9,1.28,0.0027,1.83,ENSMUSG00000031767,Cytoplasm,enzyme
Acads,0.0206,7.34,1.64,0,3,ENSMUSG00000029545,Cytoplasm,enzyme
5430403G16Rik,0.0207,8.35,1.28,0.0043,1.6,ENSMUSG00000072763,Other,other
Cytip,0.0207,8.39,1.52,0,3.78,ENSMUSG00000026832,Cytoplasm,other
Tpx2,0.021,7.95,1.71,0.0023,1.64,ENSMUSG00000027469,Nucleus,other
Dyrk4,0.0215,9.3,1.25,0.0054,3.33,ENSMUSG00000030345,Nucleus,kinase
Noc4l,0.0216,9.37,1.23,0.0106,1.02,ENSMUSG00000033294,Nucleus,other
Mblac1,0.0217,8.07,1.39,0.0009,2.67,ENSMUSG00000049285,Other,other
Bub1b,0.0217,6.7,1.76,0.0012,2.29,ENSMUSG00000040084,Nucleus,kinase
Cxcr3,0.022,5.17,1.88,0.0001,4.28,ENSMUSG00000050232,Plasma Membrane,G-protein coupled receptor
Gpsm3,0.0221,10.48,1.01,0,5.76,ENSMUSG00000034786,Cytoplasm,other
Tmem100,0.0222,9.94,1.23,0,2.52,ENSMUSG00000069763,Plasma Membrane,other
Agmo,0.0223,9.68,1.18,0,2.56,ENSMUSG00000050103,Cytoplasm,enzyme
Cd80,0.0225,9.75,1.13,0,4.47,ENSMUSG00000075122,Plasma Membrane,transmembrane receptor
Ebi3,0.0226,7.37,1.57,0,4.61,ENSMUSG00000003206,Extracellular Space,cytokine
Pygl,0.0226,7.7,1.88,0.0027,1.81,ENSMUSG00000021069,Cytoplasm,enzyme
Tmem204,0.023,9.38,1.24,0,4.42,ENSMUSG00000024168,Plasma Membrane,other
Mmp25,0.0233,5.11,1.86,0.0284,2.69,ENSMUSG00000023903,Plasma Membrane,peptidase
Abcc3,0.0233,10.63,1.22,0,5.81,ENSMUSG00000020865,Plasma Membrane,transporter
Chst7,0.0243,7.58,1.76,0,4.46,ENSMUSG00000037347,Cytoplasm,enzyme
Cyp2r1,0.0254,7.1,1.78,0.0435,2,ENSMUSG00000030670,Cytoplasm,enzyme
Thoc6,0.0255,7.74,1.43,0.0001,1.97,ENSMUSG00000041319,Nucleus,other
Ecscr,0.0263,10.51,1.45,0,5.54,ENSMUSG00000073599,Other,other
Rapsn,0.0267,9.56,1.17,0,3.74,ENSMUSG00000002104,Plasma Membrane,other
Ccr2,0.0267,5.89,1.84,0.0028,2.8,ENSMUSG00000049103,Plasma Membrane,G-protein coupled receptor
Rasa4,0.0267,8.56,1.22,0,4.11,ENSMUSG00000004952,Cytoplasm,other
Naip5,0.0267,10.09,1.22,0,4.15,ENSMUSG00000071203,Cytoplasm,other
Cdk5rap3,0.0273,9.33,1.1,0.0082,1.03,ENSMUSG00000018669,Nucleus,other
Unc13b,0.0276,10.22,1.04,0,1.36,ENSMUSG00000028456,Cytoplasm,other
Stbd1,0.0278,6.19,1.84,0.0214,2.32,ENSMUSG00000047963,Cytoplasm,other
Naif1,0.0278,9.38,1.05,0,1.63,ENSMUSG00000039164,Nucleus,other
Trpm4,0.0279,8.36,1.5,0.0354,1.44,ENSMUSG00000038260,Plasma Membrane,ion channel
Irf4,0.028,10.23,1.28,0,5.35,ENSMUSG00000021356,Nucleus,transcription regulator
Myst1,0.0286,9.51,1,0.0024,1.04,ENSMUSG00000030801,Other,other
Ccdc101,0.0287,10.11,1.11,0.0007,1.71,ENSMUSG00000030714,Other,other
Mob3a,0.0289,8.3,1.31,0,3.18,ENSMUSG00000003348,Other,other
Nudt14,0.0291,7.43,1.48,0.0343,1.36,ENSMUSG00000002804,Cytoplasm,phosphatase
Polm,0.0294,9.77,1.44,0,2.09,ENSMUSG00000020474,Nucleus,enzyme
Gm10134,0.0296,6.14,1.79,0.0008,2.94,ENSMUSG00000063611,Other,other
Chchd5,0.0298,9.81,1.01,0.0072,1.1,ENSMUSG00000037938,Other,other
Itgb3,0.0303,10.55,1,0,4.15,ENSMUSG00000020689,Plasma Membrane,transmembrane receptor
Trim14,0.0312,8.59,1.29,0,4.99,ENSMUSG00000039853,Cytoplasm,other
8030423J24Rik,0.0323,8.04,1.33,0,5.05,ENSMUSG00000021600,Other,other
Pak4,0.0329,9.48,1.25,0.0001,1.7,ENSMUSG00000030602,Cytoplasm,kinase
1700001C19Rik,0.0338,6.64,1.77,0,4.61,ENSMUSG00000047150,Other,other
Cmtm8,0.0343,8.31,1.18,0,5.72,ENSMUSG00000041012,Extracellular Space,cytokine
Ckap2l,0.0344,8.08,1.32,0.0021,2.63,ENSMUSG00000048327,Cytoplasm,other
Gm505,0.0345,8.48,1.28,0.0498,1.09,ENSMUSG00000031986,Other,other
1810011H11Rik,0.0347,9.88,1.01,0,6.74,ENSMUSG00000041707,Other,other
Abcg2,0.0356,9.4,1.07,0,2.61,ENSMUSG00000029802,Plasma Membrane,transporter
Il15,0.0359,9.26,1.01,0,5.12,ENSMUSG00000031712,Extracellular Space,cytokine
BC053749,0.0361,9.15,1.29,0,2.61,ENSMUSG00000036864,Other,other
Dok3,0.0362,8.62,1.12,0,4.35,ENSMUSG00000035711,Cytoplasm,other
Gstt3,0.0406,8.35,1.29,0.0078,1.64,ENSMUSG00000001665,Other,enzyme
Nhlh1,0.0409,5.09,1.65,0.0227,2.72,ENSMUSG00000051251,Nucleus,transcription regulator
Tgif2,0.0414,7.93,1.33,0.0035,2.16,ENSMUSG00000062175,Nucleus,transcription regulator
Cdk1,0.0432,6.95,1.48,0.0004,3.27,ENSMUSG00000019942,Nucleus,kinase
Trim21,0.0433,9.73,1.01,0,3.33,ENSMUSG00000030966,Nucleus,enzyme
Galm,0.0437,9.75,1.47,0,4.07,ENSMUSG00000035473,Cytoplasm,enzyme
Def6,0.0438,9.1,1.07,0,4.45,ENSMUSG00000002257,Extracellular Space,other
Ifi35,0.0438,8.72,1.18,0,3.75,ENSMUSG00000010358,Nucleus,other
Thap6,0.0439,8.74,1.24,0.0312,1.18,ENSMUSG00000060466,Other,other
Irs3,0.0444,6.94,1.63,0,5.63,ENSMUSG00000047182,Nucleus,other
Ddx43,0.0453,5.44,1.66,0.0006,3.3,ENSMUSG00000070291,Other,enzyme
Dtl,0.0467,7.15,1.45,0.0143,1.35,ENSMUSG00000037474,Nucleus,other
Srl,0.0475,9.08,1.15,0.0012,1.95,ENSMUSG00000022519,Cytoplasm,other
Gp9,0.0479,8.41,1.64,0,5.55,ENSMUSG00000030054,Plasma Membrane,other